BEGIN TRANSACTION;
CREATE TABLE IF NOT EXISTS "author" (
	"id"	integer,
	"name"	VARCHAR(255) NOT NULL,
	PRIMARY KEY("id")
);
CREATE TABLE IF NOT EXISTS "category" (
	"id"	integer,
	"name"	VARCHAR(255) NOT NULL,
	PRIMARY KEY("id")
);
CREATE TABLE IF NOT EXISTS "book" (
	"id"	integer,
	"title"	VARCHAR(255) NOT NULL,
	"price"	integer NOT NULL,
	"year"	int NOT NULL,
	"quantity"	int NOT NULL,
	"rating"	VARCHAR(50),
	"category_id"	integer NOT NULL,
	FOREIGN KEY("category_id") REFERENCES "category"("id") ON DELETE CASCADE ON UPDATE CASCADE,
	PRIMARY KEY("id")
);
CREATE TABLE IF NOT EXISTS "bookauthor" (
	"id"	integer,
	"author_id"	integer NOT NULL,
	"book_id"	integer NOT NULL,
	FOREIGN KEY("book_id") REFERENCES "book"("id") ON DELETE CASCADE ON UPDATE CASCADE,
	FOREIGN KEY("author_id") REFERENCES "author"("id") ON DELETE CASCADE ON UPDATE CASCADE,
	PRIMARY KEY("id")
);
CREATE TABLE IF NOT EXISTS "user" (
	"user_id"	integer,
	"name"	VARCHAR(50) NOT NULL,
	"email"	VARCHAR(50) NOT NULL,
	"password"	VARCHAR(50) NOT NULL,
	PRIMARY KEY("user_id")
);
INSERT INTO "author" VALUES (1,'Ian H. Witten');
INSERT INTO "author" VALUES (2,'Ken Henderson');
INSERT INTO "author" VALUES (3,'Sue Monk Kidd');
INSERT INTO "author" VALUES (4,'Chuck Palahniuk');
INSERT INTO "author" VALUES (5,'Larry Bossidy');
INSERT INTO "author" VALUES (6,'Ralph Kimball');
INSERT INTO "author" VALUES (7,'Scott Kelby');
INSERT INTO "author" VALUES (8,'Mark Z. Danielewski');
INSERT INTO "author" VALUES (9,'Angela C. Buraglia');
INSERT INTO "author" VALUES (10,'James Patterson');
INSERT INTO "author" VALUES (11,'Harold McGee');
INSERT INTO "author" VALUES (12,'Chip Dawes');
INSERT INTO "author" VALUES (13,'Bryan Burkhart');
INSERT INTO "author" VALUES (14,'Francis D. K. Ching');
INSERT INTO "author" VALUES (15,'Albert-Laszlo Barabasi');
INSERT INTO "author" VALUES (16,'Ann Patchett');
INSERT INTO "author" VALUES (17,'Rita Hartung Cheng');
INSERT INTO "author" VALUES (18,'Simon Benninga, Benjamin Czaczkes');
INSERT INTO "author" VALUES (19,'Paul Marcus Fischer');
INSERT INTO "author" VALUES (20,'Gerard Gefen');
INSERT INTO "author" VALUES (21,'Tara Calishain');
INSERT INTO "author" VALUES (22,'Terry Pratchett');
INSERT INTO "author" VALUES (23,'Andrew Gross');
INSERT INTO "author" VALUES (24,'Ramez A. Elmasri');
INSERT INTO "author" VALUES (25,'Stephen King');
INSERT INTO "author" VALUES (26,'Laurel Graeber');
INSERT INTO "author" VALUES (27,'Ralph R. Kylloe');
INSERT INTO "author" VALUES (28,'Shamkant B. Navathe');
INSERT INTO "author" VALUES (29,'Doug Stuns');
INSERT INTO "author" VALUES (30,'Brian Knight');
INSERT INTO "author" VALUES (31,'Ian McEwan');
INSERT INTO "author" VALUES (32,'Jeffery Deaver');
INSERT INTO "author" VALUES (33,'Dee Henderson');
INSERT INTO "author" VALUES (34,'Stephen Wolfram');
INSERT INTO "author" VALUES (35,'Michael Cunningham');
INSERT INTO "author" VALUES (36,'Donald E. Kieso');
INSERT INTO "author" VALUES (37,'Jacques Evrard');
INSERT INTO "author" VALUES (38,'Robert C. Higgins');
INSERT INTO "author" VALUES (39,'Joseph C. Johnson');
INSERT INTO "author" VALUES (40,'Edward Osborne Wilson');
INSERT INTO "author" VALUES (41,'Nora Roberts');
INSERT INTO "author" VALUES (42,'Terry D. Warfield');
INSERT INTO "author" VALUES (43,'Carl Sagan');
INSERT INTO "author" VALUES (44,'Laurell K. Hamilton');
INSERT INTO "author" VALUES (45,'Leon Chalnick');
INSERT INTO "author" VALUES (46,'Christine Bastin');
INSERT INTO "author" VALUES (47,'Eibe Frank');
INSERT INTO "author" VALUES (48,'Lee McAlester');
INSERT INTO "author" VALUES (49,'Sheridan Titman');
INSERT INTO "author" VALUES (50,'Paul Litwin');
INSERT INTO "author" VALUES (51,'Allison Arieff');
INSERT INTO "author" VALUES (52,'Michael Romkey');
INSERT INTO "author" VALUES (53,'Suzanne Brockmann');
INSERT INTO "author" VALUES (54,'Leslie Plummer Clagett');
INSERT INTO "author" VALUES (55,'Margy Ross');
INSERT INTO "author" VALUES (56,'Ken Coffman');
INSERT INTO "author" VALUES (57,'William James Taylor');
INSERT INTO "author" VALUES (58,'Mary Higgins Clark');
INSERT INTO "author" VALUES (59,'Gerald Carter');
INSERT INTO "author" VALUES (60,'Mike Gunderloy');
INSERT INTO "author" VALUES (61,'W. Bruce Johnson');
INSERT INTO "author" VALUES (62,'Nicholas Sparks');
INSERT INTO "author" VALUES (63,'Matthew Delaney');
INSERT INTO "author" VALUES (64,'Wladyslaw Szpilman');
INSERT INTO "author" VALUES (65,'Steven J. Root');
INSERT INTO "author" VALUES (66,'Matthew Weishan');
INSERT INTO "author" VALUES (67,'Joseph Truini');
INSERT INTO "author" VALUES (68,'Nate Weiss');
INSERT INTO "author" VALUES (69,'Michael Meyers');
INSERT INTO "author" VALUES (70,'Daniel W. Collins');
INSERT INTO "author" VALUES (71,'Tina Freeman');
INSERT INTO "author" VALUES (72,'Paul DuBois');
INSERT INTO "author" VALUES (73,'Donald Kaufman');
INSERT INTO "author" VALUES (74,'Jay P. Decima');
INSERT INTO "author" VALUES (75,'Ram Charan');
INSERT INTO "author" VALUES (76,'B. J. Fogg');
INSERT INTO "author" VALUES (77,'Taffy Dahl');
INSERT INTO "author" VALUES (78,'Biju Thomas');
INSERT INTO "author" VALUES (79,'Ben Forta');
INSERT INTO "author" VALUES (80,'Simon Benninga');
INSERT INTO "author" VALUES (81,'Don DeLillo');
INSERT INTO "author" VALUES (82,'Rael Dornfest');
INSERT INTO "author" VALUES (83,'Jeffrey M. Wooldridge');
INSERT INTO "author" VALUES (84,'Roma Ligocka');
INSERT INTO "author" VALUES (85,'Bernie Wrightson');
INSERT INTO "author" VALUES (86,'Rob Vieira');
INSERT INTO "author" VALUES (87,'Patrick Lencioni');
INSERT INTO "author" VALUES (88,'Charles Burck');
INSERT INTO "author" VALUES (89,'Cassandra Adams');
INSERT INTO "author" VALUES (90,'Jacquelyn Mitchard');
INSERT INTO "author" VALUES (91,'Ken Getz');
INSERT INTO "author" VALUES (92,'Robert D. Schmidt');
INSERT INTO "author" VALUES (93,'Mark Grinblatt');
INSERT INTO "author" VALUES (94,'Lawrence Revsine');
INSERT INTO "author" VALUES (95,'Jerry J. Weygandt');
INSERT INTO "author" VALUES (96,'Karen Marie Moning');
INSERT INTO "author" VALUES (97,'Alice Sebold');
INSERT INTO "author" VALUES (98,'Virginia McAlester');
INSERT INTO "author" VALUES (99,'Andy Rae');
INSERT INTO "author" VALUES (100,'Steven Pinker');
INSERT INTO "author" VALUES (101,'Bill Mann');
INSERT INTO "author" VALUES (1000,'J. K. Rowling');
INSERT INTO "author" VALUES (1001,'Prime Games');
INSERT INTO "category" VALUES (1,'Literature & Fiction');
INSERT INTO "category" VALUES (2,'Home Design');
INSERT INTO "category" VALUES (3,'Romance');
INSERT INTO "category" VALUES (4,'Science');
INSERT INTO "category" VALUES (5,'Fantasy');
INSERT INTO "category" VALUES (6,'Computer');
INSERT INTO "category" VALUES (7,'Accounting & Finance');
INSERT INTO "category" VALUES (8,'Horror');
INSERT INTO "category" VALUES (9,'Reference');
INSERT INTO "category" VALUES (10,'Fiction');
INSERT INTO "category" VALUES (11,'Gaming');
INSERT INTO "category" VALUES (12,'Science Non-Fiction');
INSERT INTO "book" VALUES (38572179,'Atonement',14,2003,77,'100',1);
INSERT INTO "book" VALUES (60502935,'Going Postal',7.99,2005,16,'100',5);
INSERT INTO "book" VALUES (60540753,'Patron Saint of Liars',13.95,2003,70,'100',3);
INSERT INTO "book" VALUES (60855925,'The Color of Magic',13.99,2005,38,'100',5);
INSERT INTO "book" VALUES (60934417,'Bel Canto: A Novel',13.95,2002,54,'100',3);
INSERT INTO "book" VALUES (60958332,'The Language Instinct: How the Mind Creates Language',10.5,2000,45,'100',4);
INSERT INTO "book" VALUES (60958405,'Words and Rules: The Ingredients of Language',15,2000,77,'100',4);
INSERT INTO "book" VALUES (61020648,'Guards! Guards!',7.99,2001,26,'100',5);
INSERT INTO "book" VALUES (61020656,'Pyramids',7.99,2001,87,'100',5);
INSERT INTO "book" VALUES (61092177,'Small Gods',7.99,1994,2,'100',5);
INSERT INTO "book" VALUES (61161721,'Unseen Academicals',7.99,2010,15,'100',5);
INSERT INTO "book" VALUES (66214750,'Twelve Times Blessed',25.95,2003,70,'100',1);
INSERT INTO "book" VALUES (67463442,'On Human Nature',18.95,1988,34,'100',4);
INSERT INTO "book" VALUES (67976867,'Consilience: The Unity of Knowledge',15,1999,77,'100',4);
INSERT INTO "book" VALUES (71414339,'Investing in Fixer-Uppers : A Complete Guide to Buying Low, Fixing Smart, Adding Value, and Selling (or Renting) High',18.95,2003,70,'100',7);
INSERT INTO "book" VALUES (72222743,'A+ Certification All-in-One Exam Guide',59.99,2002,94,'100',6);
INSERT INTO "book" VALUES (72227710,'How To Do Everything with Your Tablet PC',17.49,2003,45,'100',6);
INSERT INTO "book" VALUES (72227885,'SQL Server 2000 for Experienced DBA''s',34.99,2003,25,'100',6);
INSERT INTO "book" VALUES (72294337,'Financial Markets & Corporate Strategy',122.5,2001,66,'100',7);
INSERT INTO "book" VALUES (72315318,'Analysis for Financial Management',79.2,2000,2,'100',7);
INSERT INTO "book" VALUES (130323519,'Financial Reporting and Analysis ',126.67,2001,46,'100',7);
INSERT INTO "book" VALUES (130998516,'Real World FPGA Design with Verilog',83,1999,22,'100',6);
INSERT INTO "book" VALUES (140077022,'White Noise ',14,1991,89,'100',1);
INSERT INTO "book" VALUES (142001740,'The Secret Life of Bees',14,2003,46,'100',1);
INSERT INTO "book" VALUES (156006219,'The Magician''s Assistant',13,1998,33,'100',3);
INSERT INTO "book" VALUES (156158648,'The New City Home: Smart Solutions for Metro Living',24.95,2003,30,'100',2);
INSERT INTO "book" VALUES (201615762,'The Guru''s Guide to Transact-SQL',38.49,2000,96,'100',6);
INSERT INTO "book" VALUES (262024829,'Financial Modeling ',70,2000,48,'100',7);
INSERT INTO "book" VALUES (262232197,'Econometric Analysis of Cross Section and Panel Data',74.95,2001,78,'100',7);
INSERT INTO "book" VALUES (262521415,'Numerical Techniques in Finance',35,1989,5,'100',7);
INSERT INTO "book" VALUES (312243022,'The Hours',3.44,2000,43,'100',1);
INSERT INTO "book" VALUES (312276702,'Jinn: A Novel',24.95,2003,49,'100',8);
INSERT INTO "book" VALUES (312287941,'The Girl in the Red Coat: A Memoir',25.95,2002,16,'100',1);
INSERT INTO "book" VALUES (312311354,'The Pianist',13,2003,64,'100',1);
INSERT INTO "book" VALUES (316096199,'Lucky: A Memoir',11.95,2002,54,'100',1);
INSERT INTO "book" VALUES (316602051,'The Jester',27.95,2003,34,'100',1);
INSERT INTO "book" VALUES (316666343,'The Lovely Bones: A Novel',21.95,2002,31,'100',1);
INSERT INTO "book" VALUES (321125169,'ColdFusion MX Web Application Construction Kit',38.49,2002,42,'100',6);
INSERT INTO "book" VALUES (324107501,'Advanced Accounting',112.95,2001,5,'100',7);
INSERT INTO "book" VALUES (324113641,'Introductory Econometrics: A Modern Approach',107.95,2002,66,'100',7);
INSERT INTO "book" VALUES (345336895,'Broca''s Brain: Reflections on the Romance of Science',6.99,1993,56,'100',4);
INSERT INTO "book" VALUES (345376595,'Pale Blue Dot: A Vision of the Human Future in Space',12.95,1997,32,'100',4);
INSERT INTO "book" VALUES (345409469,'The Demon-Haunted World: Science As a Candle in the Dark',14.95,1997,86,'100',4);
INSERT INTO "book" VALUES (345452089,'The Vampire''s Violin',6.99,2003,81,'100',8);
INSERT INTO "book" VALUES (373218192,'Engaging The Enemy',7.5,2003,6,'100',1);
INSERT INTO "book" VALUES (373218257,'Love By Design',14.95,2003,94,'100',1);
INSERT INTO "book" VALUES (373272839,'Letters to Kelly',4.75,2003,26,'100',3);
INSERT INTO "book" VALUES (375508325,'Cosmos',35,2002,59,'100',4);
INSERT INTO "book" VALUES (375703764,'House of Leaves',19.95,2000,98,'100',8);
INSERT INTO "book" VALUES (385494149,'Enduring Love',13,1999,31,'100',1);
INSERT INTO "book" VALUES (385494246,'Amsterdam',12,1999,57,'100',1);
INSERT INTO "book" VALUES (385494327,'Black Dogs',14,1999,42,'100',1);
INSERT INTO "book" VALUES (385504470,'Lullaby: A Novel',17.47,2002,33,'100',8);
INSERT INTO "book" VALUES (393318486,'How the Mind Works',17.95,1999,45,'100',4);
INSERT INTO "book" VALUES (393319407,'The Diversity of Life',16.95,1999,23,'100',4);
INSERT INTO "book" VALUES (394739698,'A Field Guide to American Houses',24.95,1984,37,'100',2);
INSERT INTO "book" VALUES (399149392,'Chesapeake Blue',25.95,2002,41,'100',1);
INSERT INTO "book" VALUES (399149848,'Birthright',25.95,2003,16,'100',1);
INSERT INTO "book" VALUES (425188361,'Cerulean Sins',16.07,2003,26,'100',1);
INSERT INTO "book" VALUES (440237556,'The Dark Highlander',6.99,2002,69,'100',3);
INSERT INTO "book" VALUES (446527793,'The Guardian',24.95,2003,13,'100',1);
INSERT INTO "book" VALUES (446606812,'Message in a Bottle',7.5,1999,13,'100',1);
INSERT INTO "book" VALUES (446608955,'A Walk to Remember',6.99,2000,22,'100',1);
INSERT INTO "book" VALUES (446676098,'The Notebook',12.95,1999,37,'100',1);
INSERT INTO "book" VALUES (471200247,'The Data Warehouse Toolkit: The Complete Guide to Dimensional Modeling',50,2002,23,'100',6);
INSERT INTO "book" VALUES (471286168,'Architecture: Form, Space, and Order',39.95,1996,64,'100',2);
INSERT INTO "book" VALUES (471288217,'A Visual Dictionary of Architecture',39.95,1996,9,'100',2);
INSERT INTO "book" VALUES (471358983,'Building Construction Illustrated',40,2000,26,'100',2);
INSERT INTO "book" VALUES (471363049,'Intermediate Accounting',139.2,2001,22,'100',7);
INSERT INTO "book" VALUES (471391123,'Beyond Coso : Internal Control to Enhance Corporate Governance',50,2000,33,'100',7);
INSERT INTO "book" VALUES (517576600,'Color: Natural Palettes for Painted Rooms',50,1992,71,'100',2);
INSERT INTO "book" VALUES (596004478,'Google Hacks',24.95,2003,52,'100',6);
INSERT INTO "book" VALUES (609610570,'Execution: The Discipline of Getting Things Done',27.5,2002,1,'100',9);
INSERT INTO "book" VALUES (670031518,'The Blank Slate: The Modern Denial of Human Nature',27.95,2002,91,'100',4);
INSERT INTO "book" VALUES (671004107,'Contact',7.99,1997,70,'100',4);
INSERT INTO "book" VALUES (679450785,'The Future of Life',22,2002,59,'100',4);
INSERT INTO "book" VALUES (679722955,'The Names',11.2,1989,17,'100',1);
INSERT INTO "book" VALUES (684843285,'ON FOOD AND COOKING',22,1997,76,'100',4);
INSERT INTO "book" VALUES (684848155,'UNDERWORLD: A NOVEL',16,1998,74,'100',1);
INSERT INTO "book" VALUES (735712123,'MySQL',34.99,2003,96,'100',6);
INSERT INTO "book" VALUES (735712360,'The Photoshop Book for Digital Photographers',39.99,2003,68,'100',6);
INSERT INTO "book" VALUES (735712379,'Photoshop 7 Down & Dirty Tricks',39.99,2002,94,'100',6);
INSERT INTO "book" VALUES (735713170,'Mac OS X v. 10.2 Jaguar Killer Tips',29.99,2002,82,'100',6);
INSERT INTO "book" VALUES (738206679,'Linked: The New Science of Networks',26,2002,50,'100',4);
INSERT INTO "book" VALUES (743206061,'The Second Time Around',26,2003,4,'100',7);
INSERT INTO "book" VALUES (743222008,'The Vanished Man: A Lincoln Rhyme Novel',25,2003,18,'100',1);
INSERT INTO "book" VALUES (743244249,'Cosmopolis: A Novel',25,2003,20,'100',1);
INSERT INTO "book" VALUES (743455967,'On Writing',7.99,2002,59,'100',8);
INSERT INTO "book" VALUES (743457358,'Everything''s Eventual: 14 Dark Tales',7.99,2002,26,'100',8);
INSERT INTO "book" VALUES (743467523,'Dreamcatcher',7.99,2003,77,'100',8);
INSERT INTO "book" VALUES (747532699,'Harry Potter and the Philosopher''s Stone',24.95,1997,20,'100',10);
INSERT INTO "book" VALUES (782140114,'Access 2002 Developer''s Handbook Set',69.99,2001,73,'100',6);
INSERT INTO "book" VALUES (782140661,'OCP: Oracle9i Certification Kit',104.97,2002,40,'100',6);
INSERT INTO "book" VALUES (787960756,'The Five Dysfunctions of a Team: A Leadership Fable',13.2,2002,44,'100',7);
INSERT INTO "book" VALUES (805317554,'Fundamentals of Database Systems ',95,1999,34,'100',6);
INSERT INTO "book" VALUES (865659982,'Composers'' Houses',50,1998,47,'100',2);
INSERT INTO "book" VALUES (972263608,'Creating Documents with BusinessObjects 5.1',99,2002,57,'100',6);
INSERT INTO "book" VALUES (1558605525,'Data Mining: Practical Machine Learning Tools and Techniques with Java Implementations',49.95,1999,46,'100',6);
INSERT INTO "book" VALUES (1558606432,'Persuasive Technology: Using Computers to Change What We Think and Do',34.95,2002,53,'100',6);
INSERT INTO "book" VALUES (1561584029,'The Complete Illustrated Guide to Furniture and Cabinet Construction',39.95,2001,93,'100',2);
INSERT INTO "book" VALUES (1561586196,'Building a Shed',19.95,2003,58,'100',2);
INSERT INTO "book" VALUES (1565924916,'Ldap System Administration',39.95,2003,27,'100',6);
INSERT INTO "book" VALUES (1579550088,'A New Kind of Science',44.95,2002,47,'100',4);
INSERT INTO "book" VALUES (1579902944,'Choosing & Using Hand Tools',19.95,2002,37,'100',2);
INSERT INTO "book" VALUES (1586851322,'Prefab',39.95,2002,99,'100',2);
INSERT INTO "book" VALUES (1586851357,'Cabins & Camps',60,2002,19565498,'89',2);
INSERT INTO "book" VALUES (1590520734,'The Rescuer: The O''Malley Series',12.99,2003,64,'100',3);
INSERT INTO "book" VALUES (1861004486,'Professional SQL Server 2000 Programming',41.99,2000,92,'100',6);
INSERT INTO "book" VALUES (1880418568,'Wolves of the Calla ',35,2003,28,'100',8);
INSERT INTO "book" VALUES (1880418569,'Super Smash Bros. Ultimate: Official Guide',62.45,2018,125,'99',11);
INSERT INTO "bookauthor" VALUES (1,25,743467523);
INSERT INTO "bookauthor" VALUES (2,96,440237556);
INSERT INTO "bookauthor" VALUES (3,31,385494246);
INSERT INTO "bookauthor" VALUES (4,54,156158648);
INSERT INTO "bookauthor" VALUES (5,22,61020656);
INSERT INTO "bookauthor" VALUES (6,43,671004107);
INSERT INTO "bookauthor" VALUES (7,25,743457358);
INSERT INTO "bookauthor" VALUES (8,22,61092177);
INSERT INTO "bookauthor" VALUES (9,22,60502935);
INSERT INTO "bookauthor" VALUES (10,86,1861004486);
INSERT INTO "bookauthor" VALUES (11,98,394739698);
INSERT INTO "bookauthor" VALUES (12,48,394739698);
INSERT INTO "bookauthor" VALUES (13,22,61020648);
INSERT INTO "bookauthor" VALUES (14,7,735712360);
INSERT INTO "bookauthor" VALUES (15,8,375703764);
INSERT INTO "bookauthor" VALUES (16,30,72227885);
INSERT INTO "bookauthor" VALUES (17,14,471288217);
INSERT INTO "bookauthor" VALUES (18,100,60958405);
INSERT INTO "bookauthor" VALUES (19,1,1558605525);
INSERT INTO "bookauthor" VALUES (20,47,1558605525);
INSERT INTO "bookauthor" VALUES (21,19,324107501);
INSERT INTO "bookauthor" VALUES (22,57,324107501);
INSERT INTO "bookauthor" VALUES (23,17,324107501);
INSERT INTO "bookauthor" VALUES (24,20,865659982);
INSERT INTO "bookauthor" VALUES (25,46,865659982);
INSERT INTO "bookauthor" VALUES (26,37,865659982);
INSERT INTO "bookauthor" VALUES (27,79,321125169);
INSERT INTO "bookauthor" VALUES (28,68,321125169);
INSERT INTO "bookauthor" VALUES (29,45,321125169);
INSERT INTO "bookauthor" VALUES (30,9,321125169);
INSERT INTO "bookauthor" VALUES (31,25,1880418568);
INSERT INTO "bookauthor" VALUES (32,85,1880418568);
INSERT INTO "bookauthor" VALUES (33,16,60540753);
INSERT INTO "bookauthor" VALUES (34,64,312311354);
INSERT INTO "bookauthor" VALUES (35,43,345376595);
INSERT INTO "bookauthor" VALUES (36,41,399149392);
INSERT INTO "bookauthor" VALUES (37,16,60934417);
INSERT INTO "bookauthor" VALUES (38,31,385494327);
INSERT INTO "bookauthor" VALUES (39,99,1579902944);
INSERT INTO "bookauthor" VALUES (40,14,471358983);
INSERT INTO "bookauthor" VALUES (41,89,471358983);
INSERT INTO "bookauthor" VALUES (42,2,201615762);
INSERT INTO "bookauthor" VALUES (43,99,1561584029);
INSERT INTO "bookauthor" VALUES (44,7,735712379);
INSERT INTO "bookauthor" VALUES (45,62,446527793);
INSERT INTO "bookauthor" VALUES (46,100,670031518);
INSERT INTO "bookauthor" VALUES (47,40,67976867);
INSERT INTO "bookauthor" VALUES (48,36,471363049);
INSERT INTO "bookauthor" VALUES (49,95,471363049);
INSERT INTO "bookauthor" VALUES (50,42,471363049);
INSERT INTO "bookauthor" VALUES (51,41,373218192);
INSERT INTO "bookauthor" VALUES (52,97,316096199);
INSERT INTO "bookauthor" VALUES (53,41,373218257);
INSERT INTO "bookauthor" VALUES (54,35,312243022);
INSERT INTO "bookauthor" VALUES (55,65,471391123);
INSERT INTO "bookauthor" VALUES (56,10,316602051);
INSERT INTO "bookauthor" VALUES (57,23,316602051);
INSERT INTO "bookauthor" VALUES (58,38,72315318);
INSERT INTO "bookauthor" VALUES (59,40,67463442);
INSERT INTO "bookauthor" VALUES (60,76,1558606432);
INSERT INTO "bookauthor" VALUES (61,6,471200247);
INSERT INTO "bookauthor" VALUES (62,55,471200247);
INSERT INTO "bookauthor" VALUES (63,63,312276702);
INSERT INTO "bookauthor" VALUES (64,7,735713170);
INSERT INTO "bookauthor" VALUES (65,93,72294337);
INSERT INTO "bookauthor" VALUES (66,49,72294337);
INSERT INTO "bookauthor" VALUES (67,41,399149848);
INSERT INTO "bookauthor" VALUES (68,100,60958332);
INSERT INTO "bookauthor" VALUES (69,81,684848155);
INSERT INTO "bookauthor" VALUES (70,40,679450785);
INSERT INTO "bookauthor" VALUES (71,27,1586851357);
INSERT INTO "bookauthor" VALUES (72,80,262521415);
INSERT INTO "bookauthor" VALUES (73,101,72227710);
INSERT INTO "bookauthor" VALUES (74,3,142001740);
INSERT INTO "bookauthor" VALUES (75,24,805317554);
INSERT INTO "bookauthor" VALUES (76,28,805317554);
INSERT INTO "bookauthor" VALUES (77,12,782140661);
INSERT INTO "bookauthor" VALUES (78,78,782140661);
INSERT INTO "bookauthor" VALUES (79,29,782140661);
INSERT INTO "bookauthor" VALUES (80,66,782140661);
INSERT INTO "bookauthor" VALUES (81,39,782140661);
INSERT INTO "bookauthor" VALUES (82,59,1565924916);
INSERT INTO "bookauthor" VALUES (83,62,446606812);
INSERT INTO "bookauthor" VALUES (84,11,684843285);
INSERT INTO "bookauthor" VALUES (85,52,345452089);
INSERT INTO "bookauthor" VALUES (86,43,345336895);
INSERT INTO "bookauthor" VALUES (87,83,324113641);
INSERT INTO "bookauthor" VALUES (88,43,345409469);
INSERT INTO "bookauthor" VALUES (89,22,60855925);
INSERT INTO "bookauthor" VALUES (90,21,596004478);
INSERT INTO "bookauthor" VALUES (91,82,596004478);
INSERT INTO "bookauthor" VALUES (92,33,1590520734);
INSERT INTO "bookauthor" VALUES (93,62,446676098);
INSERT INTO "bookauthor" VALUES (94,40,393319407);
INSERT INTO "bookauthor" VALUES (95,15,738206679);
INSERT INTO "bookauthor" VALUES (96,74,71414339);
INSERT INTO "bookauthor" VALUES (97,83,262232197);
INSERT INTO "bookauthor" VALUES (98,58,743206061);
INSERT INTO "bookauthor" VALUES (99,44,425188361);
INSERT INTO "bookauthor" VALUES (100,56,130998516);
INSERT INTO "bookauthor" VALUES (101,14,471286168);
INSERT INTO "bookauthor" VALUES (102,94,130323519);
INSERT INTO "bookauthor" VALUES (103,70,130323519);
INSERT INTO "bookauthor" VALUES (104,61,130323519);
INSERT INTO "bookauthor" VALUES (105,25,743455967);
INSERT INTO "bookauthor" VALUES (106,62,446608955);
INSERT INTO "bookauthor" VALUES (107,53,373272839);
INSERT INTO "bookauthor" VALUES (108,84,312287941);
INSERT INTO "bookauthor" VALUES (109,5,609610570);
INSERT INTO "bookauthor" VALUES (110,75,609610570);
INSERT INTO "bookauthor" VALUES (111,88,609610570);
INSERT INTO "bookauthor" VALUES (112,4,385504470);
INSERT INTO "bookauthor" VALUES (113,50,782140114);
INSERT INTO "bookauthor" VALUES (114,91,782140114);
INSERT INTO "bookauthor" VALUES (115,60,782140114);
INSERT INTO "bookauthor" VALUES (116,90,66214750);
INSERT INTO "bookauthor" VALUES (117,67,1561586196);
INSERT INTO "bookauthor" VALUES (118,31,38572179);
INSERT INTO "bookauthor" VALUES (119,81,140077022);
INSERT INTO "bookauthor" VALUES (120,72,735712123);
INSERT INTO "bookauthor" VALUES (121,69,72222743);
INSERT INTO "bookauthor" VALUES (122,100,393318486);
INSERT INTO "bookauthor" VALUES (123,32,743222008);
INSERT INTO "bookauthor" VALUES (124,16,156006219);
INSERT INTO "bookauthor" VALUES (125,81,679722955);
INSERT INTO "bookauthor" VALUES (126,81,743244249);
INSERT INTO "bookauthor" VALUES (127,22,61161721);
INSERT INTO "bookauthor" VALUES (128,31,385494149);
INSERT INTO "bookauthor" VALUES (129,43,375508325);
INSERT INTO "bookauthor" VALUES (130,13,1586851322);
INSERT INTO "bookauthor" VALUES (131,51,1586851322);
INSERT INTO "bookauthor" VALUES (132,87,787960756);
INSERT INTO "bookauthor" VALUES (133,18,262024829);
INSERT INTO "bookauthor" VALUES (134,73,517576600);
INSERT INTO "bookauthor" VALUES (135,77,517576600);
INSERT INTO "bookauthor" VALUES (136,26,517576600);
INSERT INTO "bookauthor" VALUES (137,71,517576600);
INSERT INTO "bookauthor" VALUES (138,34,1579550088);
INSERT INTO "bookauthor" VALUES (139,97,316666343);
INSERT INTO "bookauthor" VALUES (140,92,972263608);
INSERT INTO "bookauthor" VALUES (1000,1000,747532699);
INSERT INTO "bookauthor" VALUES (1001,1001,1880418569);
COMMIT;
